mean_x,std_x,median_x,rms_x,mean_y,std_y,median_y,rms_y,mean_z,std_z,median_z,rms_z,Activity
-8.749182294927184,4.165844552367747,-8.3071255,9.688154090023684,-1.8084112781781552,2.424634897165446,-1.3262420499999998,3.0224057754633584,0.3414332275919903,2.1544491502400898,0.07005431749999999,2.1787523141302874,down
-9.091564497615384,3.798945259738941,-8.467591,9.851643980063217,-1.261855173320979,0.911243850510629,-1.2537928,1.5558625421135532,-0.20941438820979022,1.4332016099253937,-0.065863036,1.4467664656245314,down
-9.377190809406557,4.176488489801924,-8.714278,10.263231135123883,-1.284972664114754,1.0168299238998781,-1.167572,1.637887795076925,-0.058062100810304454,1.2640049930879136,-0.0071850587,1.263858427089713,down
-9.198634712571096,3.847667571527315,-8.65081,9.969198407378055,-0.9808317902333333,1.0081832472757557,-0.9687854,1.4057365158716775,0.18617675614335663,1.3553386128789287,0.2545982,1.3665001362032536,down
-9.138710132374706,3.957768092479822,-8.635242,9.957071230268818,-0.713454290590164,0.8474933294921188,-0.791554,1.1070591202947833,0.4994519773409836,1.2480930461840862,0.59276736,1.3429595806784613,down
-8.847493398549618,5.885354721736786,-7.643705,10.622024466158761,-1.8995323917124682,3.071177986844439,-1.4489868,3.6078188968542384,0.6849795889712468,2.9282803463210616,0.57480466,3.003698375141217,down
-9.150509411308823,5.730799088825683,-8.144264,10.793210154641619,-0.9489158783629902,2.0740570279610995,-1.2759466499999998,2.2785105850793537,-0.631319118942647,2.1614302538763126,-0.259859615,2.249198552666777,down
-9.074438917553444,5.235467565325551,-8.26641,10.473321112287975,-0.9257177824346793,1.527732186067418,-0.93884766,1.7847619403445996,-0.36152071007125897,2.467110004665444,-0.16405883,2.490556452134772,down
-9.509822319221445,5.175500313090014,-8.25683,10.824051286998891,-0.7774406653123543,1.5833285772058834,-0.7149133,1.7622428076862073,-0.4133755684048951,1.8495535925479278,-0.33530274,1.8930805176887855,down
-9.141610195550351,5.023676899351736,-7.9299097,10.428195564914507,-0.49269940322576117,1.3703339952043538,-0.6322852,1.4547062475077697,-0.29466380698641687,1.6464088759896671,0.07065307,1.670670760826546,down
-8.389855036781553,3.7337057497321045,-8.433462500000001,9.181306544084439,-1.831131884480825,2.509218535020666,-1.4244379,3.103858832203943,1.2003083594934465,2.675426900667407,0.49936157000000003,2.929381452270424,down
-9.234971795594406,3.6555693973926626,-8.92025,9.930596259192498,-1.4743276754242425,1.016052656321628,-1.526825,1.7898599538454596,0.2050821749899767,1.0692057196560933,0.36164796,1.0874717309194506,down
-9.111972778211031,3.499617318697026,-8.599318,9.759405679288962,-1.0738748768033572,0.7724702682721647,-1.1160791,1.3223035227983824,0.18017724526330936,1.1381811303449214,0.21076173,1.1510054367319988,down
-9.215359001217289,3.338749260520372,-9.099877,9.800206282379607,-1.4010080305918222,1.1566281722281664,-1.53460875,1.815898277981084,0.05309992039953271,1.2137335201394617,0.26105712000000003,1.2134771206765194,down
-9.130317681190421,3.811716296090762,-8.374186,9.892316988273176,-1.1349382853294392,0.9879960109836363,-1.14242425,1.5039748459872173,0.436878635196729,1.2624000127801998,0.5233118,1.334463654053551,down
-9.234783279552692,4.177381271868655,-8.305927,10.133650319401138,-0.7501803790217798,1.3409458302471335,-0.87178713,1.5351531617555567,0.43658548634285715,1.366493380117107,0.5388794,1.433017085430574,down
-7.657308382508557,5.102791895574551,-7.8796144,9.198325555042846,-0.7715031818938874,3.5706029865311817,-0.7879614,3.648732820452916,2.3686883184511003,3.7451848881236716,1.0382409,4.427504917625116,down
-8.537890381313106,3.7241264322656416,-8.253836,9.312949422165875,-2.0438564003927184,2.161834315802602,-1.7136365,2.9731352274651,1.2876823911444175,2.223351707860588,0.689166875,2.5669866524339313,down
-9.236141057172494,3.6441270995778803,-8.983718,9.92748754831994,-1.3494230280596735,0.8801503628663458,-1.3939013,1.6105283061096352,0.19963847222121212,1.2067771139209087,0.26704466,1.221790431265599,down
-9.132624208852459,3.5987423758378108,-8.79571,9.814552539053892,-0.9773128418700234,0.9576136942804409,-1.1639795,1.3674855689173238,0.18808980072622952,1.3557877223715755,0.3820056,1.3671990696674217,down
-9.274249877055944,3.6397505630287457,-9.297466,9.961356048620098,-1.1651987180780885,0.8674468362686895,-1.101709,1.4520323932314068,0.06589793206829836,1.370385666444089,0.11496094,1.3703729019480864,down
-9.167407487119439,3.8149419109807257,-8.386161,9.92779220274888,-1.0885643216772833,0.9023224265477465,-1.2861255,1.4132414109614109,0.34313910726932084,1.381661048126335,0.4155359,1.4220622358767727,down
-9.237523596504673,3.9795020771073384,-8.4915415,10.056404822657264,-0.8882365781518691,0.8593736440739369,-0.90052737,1.2352172917051207,0.2196106777843458,1.3347313010460247,0.32811767,1.3511380739017296,down
-8.890656043365617,3.636926661677567,-8.943003,9.604112307712333,-1.4161374871549637,1.5915619673278147,-1.2909155,2.128939063990869,0.9120406796803875,2.457339720136719,0.4778064,2.6183421455920515,down
-9.196689166425234,3.285394977525701,-8.9400095,9.764614307601551,-0.7902714719866822,0.7883122498439504,-0.8304730499999999,1.115577540534098,-0.5010884037140186,1.0583362994048697,-0.35120016499999995,1.1698496961672893,down
-9.106512345653396,3.5855195686831984,-8.552615,9.785418236659812,-1.0415641775409836,0.6805603266740619,-1.0681787,1.243757856182531,0.1870800598857143,1.0307043296466407,0.40835083,1.046356737224418,down
-9.236710651799065,3.4175189329630973,-9.192085,9.847282412988438,-0.9915266656469626,0.8165376277267855,-0.88795349,1.2838617671579116,-0.12560819903200934,1.1403782401715858,0.07021577300000001,1.1459500366352071,down
-9.228338951565421,3.4886250072158984,-8.697513,9.864294626982309,-0.8791582006051402,0.6083382540782974,-0.8598120300000001,1.0687047818941675,0.3792007496231309,0.8647161451834041,0.514330435,0.9432816006750496,down
-9.172945525629977,3.5808006067349223,-8.29515,9.845559109917678,-0.9328343404386418,0.7299356537360867,-0.94962525,1.1839502421691261,0.24219066295456673,0.9354838038420369,0.36284545,0.9652651344678082,down
-9.024860907263923,3.9099462899924613,-8.516689,9.833553691914991,-1.4228636222261501,1.709723402951221,-0.96160036,2.2227499065469773,1.1034498528837773,2.4736381520438617,0.7747888,2.7058587511517613,down
-9.069212135550352,3.748173298212334,-8.610095,9.811549859980724,-1.1078993808220141,1.1545699301613066,-1.1663746,1.5991719443214285,-0.03546226260538642,1.3481649925746277,0.23830444,1.3470522872537452,down
-9.364857150976635,4.131515393297676,-8.355025,10.233771889294804,-0.8758238696441589,1.0209616134002932,-0.7963440150000001,1.3442450074307195,0.06651674118925234,1.527327818380646,0.20778579,1.5269919571827522,down
-8.97156543817757,4.076785538167786,-8.7136795,9.852427849961506,-1.2067394127240656,1.3718349491109902,-1.2448114000000001,1.8258570870906385,-0.2761199981799065,1.742762404745742,-0.0304813295,1.7624887921660874,down
-9.432624243528572,4.067258479751555,-8.702304,10.270260475203797,-1.0159859849185011,0.9444172400180848,-1.0214758,1.386384733753824,0.273732377429274,1.2315612983589084,0.35925293,1.260206552193427,down
-9.100355434769321,3.8562251877842044,-8.32868,9.881908534035405,-0.9911222843056207,0.9318319291162646,-0.9244775,1.3596325282753783,0.39763151497119437,1.1219733214114755,0.5065466,1.1891118070938045,down
-8.013097938300241,4.071711027395173,-8.119116,8.986012842869204,-0.8102803119556902,2.711455471709056,-0.9460327,2.826790322708054,1.9311305968048427,3.081950552188549,0.7652087,3.6338252564386844,down
-9.350704865737704,3.6393600298863977,-9.3453665,10.032427638167917,-1.2713651381030446,0.9396990090120442,-1.348396,1.580296031151428,0.21799020428946136,1.1599156298544233,0.40595582,1.17888641008301,down
-9.037138578843457,3.98930717034405,-8.15564,9.876601734090647,-0.8797641356198598,0.8493163890734113,-0.93884765,1.22214479221763,0.5792473624946262,1.4157786527354432,0.6873706500000001,1.5281601534914673,down
-9.338419480988318,4.075135318504447,-8.5903365,10.186952709274093,-0.9198584930976635,0.8936700962051543,-0.93465637,1.281764366912029,-0.17714884407943926,1.4776647522278088,-0.048252908,1.4865305962192492,down
-9.235460325091335,3.9891122003000814,-8.155042,10.058303860302807,-0.882418818847541,0.7568401599429896,-0.97237796,1.1619503135288822,0.545527711424356,1.1644543943802832,0.8143066,1.2846707687722903,down
-9.338455093376169,4.234677347115395,-8.7035015,10.251699245434098,-0.901665609163084,0.7137277540174294,-0.85502195,1.1494424620720347,0.3903901811738318,1.1911147333218348,0.5880714149999999,1.2521357574078829,down
-8.860039258043903,4.687092148650231,-8.3280815,10.02075575717566,-2.0783877722663413,1.5310684864764934,-2.04474795,2.5803389220508213,0.11586747546609756,2.270176510799769,0.0293389895,2.2703648734657613,down
-9.337207053938695,4.719539131167802,-8.496332,10.459711483458012,-1.5062018621480187,1.3585208033161378,-1.409469,2.0272939535644245,-0.6262344457622377,1.768569287353568,-0.6215076,1.8742240818898384,down
-9.128416153693209,4.725714559292089,-8.55022,10.276578171727877,-1.28182429939274,1.172501593185494,-1.3304334,1.736264364120456,-0.3655174332011709,1.6382998376939855,-0.07903565,1.6767061686973121,down
-9.00634533688112,4.388484929855529,-8.140672,10.016394760545566,-1.1022649602920747,1.1326370842046707,-1.1232642,1.5795139891070589,0.025389547876223783,1.379133939571944,-0.017962646,1.3777595805111773,down
-9.388285540419204,4.673023728267428,-8.437654,10.484556036623236,-0.9488968538634661,1.0204416463854764,-1.0514135,1.3925759399622994,0.12354699444496486,1.4334808157405121,0.11376343,1.4371216975101622,down
-5.2168687887032705,5.058531497322802,-3.07939635,7.262552863155453,1.1332820433334112,4.9187005492111275,0.396375735,5.041965504095051,4.620829646111215,4.3189781711974735,6.0091040499999995,6.321554867947862,down
-8.845298706635921,3.8554686683567536,-8.4634,9.647168944424315,-1.304354413395631,1.8410591464894148,-0.9610016,2.254464964870482,1.2908513064961165,2.4700581540183073,0.814306645,2.7843627049496424,down
-9.153329286969697,3.67691043653976,-8.760982,9.862636210005546,-1.0887200697545454,1.0685917296514758,-1.0813513,1.5246435421804474,0.14684065033682983,1.2321976032606272,0.30895752,1.2394893802479499,down
-9.264222418758782,4.017268663655647,-8.752599,10.095863983888085,-0.7856581479325527,1.0529603675178387,-0.71730834,1.3127786233993977,0.2966343733880562,1.1172697852169025,0.37721556,1.1547122258369298,down
-9.128456951198068,3.9075985135879088,-8.7927155,9.927797843579043,-1.1320952054724638,1.229920538969334,-1.162782,1.6705359052563835,-0.11204581953429953,1.541950174840888,0.0227526855,1.5441572417399543,down
-9.390764388969696,4.107495652956834,-8.581355,10.247860693554367,-0.7100094149627039,1.049317882164738,-0.80233157,1.26594423062401,0.3196423566020979,1.2290793796676953,0.44547364,1.2685763916051331,down
-9.219790492312647,3.8422477771917505,-8.372989,9.986632627775942,-0.752968669070726,0.9535704912189401,-0.81310916,1.21413714130657,0.43948570025550354,1.0582113679835514,0.5771997,1.1446992928979038,down
-8.763957275873787,4.013014911442076,-8.039482,9.63701964994772,-2.0145382252961164,2.1362785426280495,-1.839375,2.934446006502228,0.6831862905817961,2.1091147738496447,0.27662477,2.2145680468589815,down
-9.289435066503497,4.014369655166569,-8.867559,10.117865540660826,-1.2028303666799536,1.1013134815438785,-1.2693603,1.6299892708214077,0.004977519100699296,1.4000034114717796,0.23710693,1.3983796126210546,down
-9.100031776409638,3.694171531531308,-8.5154915,9.819602717609996,-0.9626086317443374,1.052212040441787,-0.87657714,1.4251658584898235,0.45549237207493976,1.0713343047668271,0.37841308,1.1629552070508042,down
-9.229067830734266,3.291235313310699,-9.075927,9.797074714360381,-1.1539750901328671,0.758917587341346,-1.1508069,1.38067804301637,0.22921074017319348,1.236537413076901,0.21674927,1.256183974200215,down
-9.313110074276347,3.8871143366875223,-8.26162,10.090009489909159,-0.9292440665018735,0.7341437492446663,-0.9735754,1.1837226709753492,0.5210788699227166,1.1301529953476928,0.6490503,1.243293116536648,down
-9.243772156803738,4.065900959404542,-8.5586025,10.09654639866203,-0.8626415576035047,0.8852253247317822,-0.7197033500000001,1.23529083034952,0.5394550694556075,1.5013275391201555,0.355061635,1.5936529838825417,down
-8.992405049433414,3.730956386596528,-8.610095,9.733944701156782,-2.0414596535181597,1.713146034483435,-1.6310083,2.6637043062730434,1.4109838590263921,2.1882833847174616,1.0466236,2.601512057912648,down
-9.1263939606089,3.540914814873896,-8.82924,9.78773626896155,-1.4793223390351289,1.0395123608526378,-1.4058765,1.8073322563614833,0.0718265486911007,1.2241333994523778,0.2215393,1.2248070293025202,down
-9.01952138177173,3.529195379208364,-8.11492475,9.683898233640063,-1.5600938244672897,0.8941343009367226,-1.56634275,1.7976376037252562,0.6201876188738318,0.9179277813387283,0.6741980000000001,1.1069125633197252,down
-9.128420210859813,3.480125121129148,-9.160949500000001,9.767856931944113,-1.612780924978972,0.9482764225867975,-1.59268795,1.8703447503613755,0.32536916565210283,1.2639555176847377,0.394579465,1.3037315570298365,down
-9.313500054754098,4.068856833174507,-8.471184,10.161599643331469,-1.5265967051627634,0.8330235364423968,-1.5280224,1.738620311586722,0.6726754063985949,1.259945469020784,0.6981482,1.426967790914652,down
-9.00318989693677,3.868311251774679,-8.152646,9.797255542140638,-1.3425678066199063,1.0151121310858977,-1.409469,1.6824172241213677,0.7110573857531616,0.957883698285331,0.735271,1.1920549387054853,down
-9.390052614233577,4.053202065485232,-9.25675,10.225534860889057,-2.034341667374696,2.2973580242103067,-1.5483801,3.066522202327466,-0.13722208878004866,2.3861342308274756,-0.23590942,2.38717685537565,up
-9.128338231365968,4.138540058230139,-8.710686,10.02068602467762,-1.511342217055944,1.4728353473157216,-1.6010705,2.10910946719942,-0.39079790556806526,1.295758167783612,-0.04670288,1.351960984853824,up
-9.502451453163856,3.7041601729677227,-9.22322,10.197270420648248,-0.7845006096014459,1.6539876415070691,-0.7711963,1.8288040727443695,-0.5547854663120482,1.4824595794083972,-0.59516233,1.581195019066353,up
-9.370567869916083,3.914835132356135,-9.613608,10.153706295244614,-0.9519529435671329,1.4553371838702323,-1.0897338,1.737608600305423,-0.23874976460186478,1.3667745839401801,0.12250541,1.385900332432514,up
-9.323363260257612,3.6112357839623592,-8.786129,9.996778747703821,-0.8454384218840749,1.2072666305944906,-0.85221153,1.4727000749148036,-0.4293498448009368,1.2565130006001164,-0.2694397,1.3264496702317305,up
-8.125230491757009,4.766720403584643,-8.532855999999999,9.417425659115867,-1.0429707119714955,3.8757847423127583,-1.1945160000000001,4.009288942898911,1.2870622132350467,3.109221691081617,0.61492125,3.361725986761358,up
-8.826067408900498,3.9880381173111745,-9.3567425,9.683199400406734,-1.5585223567363184,2.3879698476204574,-1.1136841,2.84907122673014,-0.24219991102487562,2.8734469424894304,-0.501946435,2.8800727560453225,up
-9.101643521733646,3.7467101842959116,-9.645941,9.840983351106944,-0.6183644355546729,1.1475469292165,-0.763412475,1.3023677456740292,-0.5878683147957944,1.2212709200864158,-0.36703675,1.354107453819645,up
-9.284159370651869,3.884937030509083,-9.159752000000001,10.062459319144747,-0.4432003778633178,1.1920442793958117,-0.31554381,1.27046295366397,-0.5930600979165888,1.250086944171789,-0.49217652,1.3823119904442274,up
-9.302411904871494,3.681455860566544,-9.262738500000001,10.002815520611579,-0.5143704676483645,1.0590687756041086,-0.61073,1.1762580611346412,-0.5987017846810747,1.4501304349918798,-0.33410522,1.5672934755380774,up
-9.145752000116822,3.2372467501255184,-8.9130645,9.700518580624538,-0.5947272243123831,1.1678771204757163,-0.7161108199999999,1.3093703338822447,-0.5094983325686916,1.228036610576421,-0.37721558,1.328208918287046,up
-9.266059048149883,3.453535017842941,-9.293873,9.887306131778422,-0.5553985504637002,0.9955563863807253,-0.6813831,1.1389815252591244,-0.573738774158548,1.0870368626705955,-0.5041516,1.2280301273092114,up
-8.652401506430712,3.7718647720945175,-8.713081,9.436951838506696,-1.5980853893766584,3.3909734042988133,-1.3256433,3.7449065682209075,0.2798289192783784,2.2670455326849837,-0.017962646,2.28148458648963,up
-9.326809871934426,3.8909287936384906,-9.023236,10.10412065279832,-1.222472640580328,1.1934909156576539,-1.2705579,1.70749056898704,-0.266249373952459,1.0954589650245865,-0.11615845,1.126103324597619,up
-9.391428624116822,3.5617834895193816,-9.1789125,10.04268850141453,-0.9322456677607477,1.1155163548074698,-0.87957095,1.4527736577378276,-0.20022241873621496,1.1782419516759908,-0.11136841,1.193775326146327,up
-9.383062627359813,3.7520476005979764,-9.385483,10.103802911134535,-0.843401697656542,1.5111066382210636,-1.0322534499999998,1.7289981341383074,-0.2622886653030374,1.3458651039234908,0.18774779,1.3696408613257018,up
-9.258224552166277,3.2955438883749846,-9.1765175,9.825980698933977,-0.723729385895082,1.0749686731188863,-0.8202942,1.2948496623912036,-0.1139198795644028,1.104290132900051,-0.083825685,1.1088636372855545,up
-8.855772760722358,3.839026499083787,-8.893905,9.650213678577703,-2.2375901496486486,3.2715241481504838,-1.4322217,3.960225113706346,0.459717360704914,2.3127273467656555,0.48259643,2.355187050756856,up
-8.772682215582524,3.644298151559295,-9.0723335,9.497822227068403,-1.3992482628730583,2.296220824867996,-1.1466156,2.6865829843676594,0.7508121233089805,3.009208949648961,0.082628175,3.097915165108135,up
-9.166923304637002,3.631650218381836,-8.875942,9.858523158527833,-1.4036668467400468,1.0732537105770465,-1.6166382,1.7661983319610373,-0.06903701753512881,1.3134446439979879,0.2215393,1.3137209785716084,up
-9.305637256331776,3.6255181599394763,-9.1992705,9.985417142100365,-1.2083028120514019,1.0709774369405651,-1.32564335,1.6137869954334745,-0.008506553416588779,1.2866422844982957,0.07484436,1.285166471586745,up
-9.373724365280374,3.5055344176636596,-9.425001,10.006336389838525,-1.2750649049906542,1.1637067495085642,-1.24660765,1.7253520976291468,0.1547330018542056,1.248241223319752,0.41194336,1.2563470931728906,up
-9.103866526323184,3.5855986139414244,-8.8951025,9.782984933511452,-1.3910755670000001,1.2680226012051345,-1.4394068,1.881278028430307,0.28189171055971896,1.2083367713545325,0.47660887,1.239403608051613,up
-9.160524634844393,3.5407070447785185,-9.31004,9.819497279705336,-1.1557228207392523,1.274009315608174,-1.341211,1.7190121248933934,0.30243150071799063,1.0423697559863687,0.33876220999999995,1.0841867405229757,up
-8.547069458495146,3.519168090827525,-9.209449,9.241584323420883,-0.49142823582864076,2.4375802825726423,-0.30596373499999996,2.483722509870844,1.1006447149679612,3.1879231504588805,0.0041251616,3.368917582908083,up
-9.315730027275702,3.3360838427313553,-9.727970500000001,9.893749438223038,-0.44637066994182245,0.9408383693616957,-0.5897735799999999,1.0403631299055944,-0.4028556838654206,1.059821142976058,-0.36883301999999996,1.132646992372057,up
-9.207601372733645,3.2594740543567404,-9.479486999999999,9.766231172796015,-0.4341917124602804,0.7997305575801696,-0.52450928,0.909173849099079,-0.5799909863731308,1.1046432772509562,-0.5400769000000001,1.2465052321427343,up
-9.26737213736916,2.981974494721702,-9.4447595,9.73424789683912,-0.47273226520397194,0.9737962983890704,-0.471220085,1.0814524583363785,-0.29101844872429905,1.1193794830109616,-0.206915245,1.1553244436210164,up
-9.170459448754674,3.272003751742053,-9.229806499999999,9.735415811047641,-0.383067055410514,0.9496375786041614,-0.45828884999999997,1.0229588766667899,-0.4929279129969626,0.9935379080304108,-0.4963678,1.1080564753799347,up
-9.32803716142857,2.8417822798313797,-9.426797,9.750337999395935,-0.8728979408864168,0.9848016690435358,-0.83945435,1.3151098310724347,-0.20932726328056206,1.0959085896198146,-0.20956421,1.1144598947314572,up
-8.272044784273364,4.520778963866511,-9.277707,9.42424619369759,-0.4858930559976635,2.9739512785605706,-0.764609995,3.0099524606484307,0.8979237429514019,2.829686048111894,-0.008118077750000001,2.9655829017953224,up
-9.393750371162229,3.7591503933615504,-9.568103,10.116300791628856,-1.4603117974309927,2.544118669421854,-0.9424402,2.9307641223077066,-0.7295953804232446,1.626387722608576,-0.5944176,1.7807419109055334,up
-9.226995370266355,4.347611661926136,-9.110056,10.197794262089271,-0.9948949052581776,1.3389946072980232,-1.2759466499999998,1.6668933369795964,-0.4214958036051402,1.39385531294463,-0.14489868,1.4546312306897398,up
-9.290097727307693,3.782688086085148,-9.05736475,10.028970483354138,-0.801923853909375,1.082844671051294,-0.80772033,1.346408486708076,-0.3984641642122596,1.2579943696862153,-0.19519409,1.318149960357877,up
-9.340108490659674,3.6990862161483413,-9.426797,10.044350142750535,-0.7010328593811189,1.2476719509619691,-0.9807605,1.4298614373752665,-0.39955561138018647,1.2910515490744237,0.04790039,1.350027200242609,up
-9.310423635325527,3.056795729057789,-9.377699,9.798270535871643,-0.4654847422037471,1.183373515090029,-0.5269043,1.2703422214781426,-0.4551836247168618,1.2184499333785992,-0.30360037,1.2993596538185965,up
-9.188720740942523,3.7369359695423223,-9.279503,9.917895518409317,-1.436037559695327,3.240634694624497,-0.86340453,3.541098753737252,-0.28436162581542057,1.5889555378972564,-0.24309449,1.6123716127669787,up
-8.407021534396552,3.913867574544221,-8.9453985,9.271388273696498,-1.0592258773522167,2.702444227594607,-0.896336085,2.8995130752147693,0.7905726113655172,3.2235728437904116,-0.281414795,3.3152424191744694,up
-9.285494370412588,3.6752165811100874,-9.346563,9.984795304206742,-0.6067533941832167,0.9155190404080633,-0.78915894,1.0974383839467017,-0.40786860369230765,1.2066652972083118,-0.18681152,1.272400841745461,up
-9.071372099437939,3.4966012042395183,-9.0076685,9.720461867332746,-0.5220812226409837,0.9849133523593675,-0.58079225,1.1137106108559047,-0.32466266744590166,1.1264782471470076,-0.11376343,1.171062466941087,up
-9.251766246027971,3.136440554710428,-9.309441,9.76777903875245,-0.3459403615757575,1.1578083883187011,-0.38440064,1.207091646051795,-0.2555691139037296,1.2468014604540825,-0.25387207,1.2713008606502005,up
-9.317914181334894,3.2497692294185088,-9.55972,9.867106552278427,-0.5895299756311475,1.0427386280590434,-0.5999524,1.1967886444910094,-0.24945576685714285,1.1541831012679011,-0.085023195,1.1795113599572538,up
-9.207242811217798,3.1447355530011016,-9.548943,9.728284627074645,-0.6148530519749414,0.8720476881829978,-0.5604346,1.066175638639058,-0.1525620605555035,1.2456170596205056,-0.15328126,1.2534765283833025,up
-9.339816478649759,4.7664693291912705,-9.1262225,10.483154313189916,-2.209099718774396,2.6983508443596236,-1.8172210500000001,3.484771392107325,0.24684426921014493,2.4578517705364056,0.307760015,2.4672607374176914,up
-10.066959454759346,3.9435030557553166,-10.6003565,10.810113523773845,-1.748759851386916,1.6016342776614558,-1.7280065,2.370105449901537,-0.536784342199299,1.7916478837655698,-0.20118164,1.868325336881502,up
-9.773810598509616,3.843398767433794,-9.775870999999999,10.500646588327802,-0.5369492899302885,1.8350428573101891,-0.47301636999999996,1.9098696707262122,-0.5137896070240384,1.784827444307898,-0.673599245,1.8552442028703269,up
-9.995544550163553,4.113257948940535,-10.075247999999998,10.806954783368631,-1.2889605596481308,1.9386709505665167,-1.45257935,2.326173459830543,0.03554354750186916,1.8245784730621177,0.19818787,1.8227922833940475,up
-9.993257123093459,4.267511322298914,-10.582394,10.86435871201575,-1.437755744517056,1.6707753476851748,-1.5998731,2.2027504783370166,-0.15092445253037384,1.7353961794534785,0.15328125,1.7399257575165747,up
-8.82297168138686,3.45065497569335,-9.198072,9.47221611877765,-1.5086158424343066,2.180017818233853,-1.2813355,2.6489311508243807,0.9997148745912409,2.7588130885681608,0.15208374,2.93120472146475,up
-9.246603580114755,3.3940765092595133,-9.432784,9.84847474326511,-1.1024392329564403,0.9523904577534097,-1.1484119,1.4561234882946874,0.09029140521264638,0.94018055241089,0.0777643,0.9434097164697158,up
-9.381265420352804,3.2333635544236707,-9.664502500000001,9.921610455641888,-1.0573696989696262,0.8384865557512112,-1.20170105,1.3488690528047647,0.1659550204420561,0.9536010313069843,0.278857515,0.9668357330361169,up
-9.13584577968458,2.8443576267545665,-9.2106465,9.56740015284669,-0.8007411329766355,1.137434107681577,-0.7670049999999999,1.3899352201269686,-0.05544212877196262,1.1866705968298012,0.0,1.1865794445526572,up
-9.203276756728972,3.3999460732640236,-9.3818905,9.809838320432704,-1.0272956189184579,1.0047430351087705,-1.17894835,1.4361358537316062,0.060005178879672896,0.9453516687658762,0.11855347,0.9461513298107668,up
-9.485678036065574,3.053367263994409,-9.217233,9.963900120340362,-0.9349927984597189,1.2499353123372758,-1.0753638,1.5597727226545959,-0.01034438095152225,1.0915265855950398,0.04580637,1.0902967753844472,up
-9.224874094100468,3.1601381249213647,-9.414822000000001,9.749945750609063,-1.357945277186916,2.0529835517078467,-1.06518495,2.459453051520428,0.7009345698850468,1.951514013457155,0.22453308,2.071428992003464,up
-9.277513435536585,3.18859760786691,-9.74713025,9.808904745849652,-0.8194837302768293,1.576116653789141,-0.59516233,1.774722063719061,0.3276131130097561,2.5419847891427585,-0.37661682,2.559932969564469,up
-9.381453190775702,3.582477298751257,-9.686657,10.040708204602424,-0.8848136656331775,0.791678554243617,-0.90711363,1.1866700364698362,-0.15916531041495327,1.0754439649566805,-0.0181719675,1.0859148349349028,up
-9.237393982733021,3.2999835204908057,-9.380094,9.807845613057962,-0.9092809948161592,0.8145813575631978,-1.033451,1.2201560356153016,-0.03148713831733021,1.0349579663305273,0.081430666,1.034224787975361,up
-9.212209806911423,3.0821662574145163,-8.998089,9.713002338526099,-0.9171153446270397,1.0754103837114588,-0.9939331,1.4124136175645847,-0.17518257586736596,1.1739756361218137,-0.09374327,1.1856201321980042,up
-9.127789984800938,3.1277740364374225,-9.171727,9.647621960456656,-0.8769395533032787,1.1357926162536507,-0.94842774,1.4338851808160378,-0.07641559789789226,1.01637930127603,0.0,1.018060391606037,up
-9.293767808103045,3.1554678490183847,-9.383686,9.813652682309662,-0.8525869820728337,1.1584951762399394,-1.1352392,1.437314342133767,0.35364579298875876,0.9237641984095728,0.2826123,0.9881331823900227,up
-7.622721057435281,4.7002074946865235,-8.534053,8.952441572320648,-0.2235157242890187,3.4403709743714788,-0.9663904,3.4436110637706276,2.2357380686607478,3.1130024893182275,0.890947285,3.8297084993905295,up
-9.106482461694915,3.2475438846776328,-9.340576,9.666903728107203,-0.9307289822510896,1.6154693587672948,-0.5269043,1.8627073579719446,0.7182332989966101,2.464561339505189,-0.023950195,2.564218105897935,up
-9.190854058951048,3.0850218888079066,-9.508227,9.69365634829753,-0.4065192041510489,0.733346840241661,-0.5376819,0.8377361422336868,-0.3183958430086247,0.951340406939325,-0.45625123,1.0021550840037703,up
-9.175066858147542,3.181587472827203,-9.479487,9.70982206904097,-0.6577155170803279,0.7941924044841931,-0.74485105,1.0304630659087997,-0.16166930815456673,0.8645581601746326,-0.17483643,0.8785483958314669,up
-9.302668246616822,3.4733559461923957,-9.220226,9.928527113767334,-1.0092386577324766,1.4266499335119398,-1.02566715,1.746177899599416,-0.01972520774299065,1.2699044619045734,-0.092807005,1.2685734252296217,up
-9.457107573995316,3.6686043995311413,-9.709409,10.142190236848732,-0.9443301849274005,1.4019411635099033,-1.0765613,1.6889628836680863,-0.09528152912435597,1.2498277792691423,0.025147704,1.2519943311725763,up
-9.368809753574766,3.266296814365898,-9.446556000000001,9.920603017005535,-0.6611160000436916,1.1422399574733726,-0.8532257249999999,1.3186121845174024,-0.2768777195691589,1.2397418824727797,-0.17483643,1.2688696461280358,up
-2.0423932969609115,1.4113102513674545,-2.9746141,2.481610467897172,-1.8262422809172663,1.5086091254688938,-2.581831,2.3676157975295573,8.545294971231415,2.117327364889231,8.728649,8.803089828899695,sit
-2.9668286805778035,0.679779024074689,-3.114723,3.043532859965799,-2.4876418577593458,0.5733666301711576,-2.6105714,2.552712909679892,8.293668529677102,1.8890489577983498,8.715476,8.505592631578129,sit
-2.9719441489571428,0.6619616464371001,-3.1123278,3.0446049057703966,-2.4213145518880563,0.5405808852152325,-2.5363257,2.4807876730295915,8.331640360519204,1.850277324694501,8.741821,8.534151372550228,sit
-3.1689497507873834,0.7962316984501545,-3.1895672,3.267223005468135,-2.9921239351717293,1.1231922887306773,-2.5554857,3.195531096493123,8.032749651033878,1.8141739276047968,8.6615885,8.234597999476545,sit
-3.5274585986792055,0.958364001243293,-3.6206708,3.655034854287061,-4.356596547197197,1.255696560095414,-4.86009335,4.53354422886026,7.200674733397663,1.6999015445510561,7.462881,7.398150466367257,sit
-3.3749734697615925,0.8629360206071555,-3.5901344,3.4832973697583407,-2.9103731313194383,2.317141244259796,-4.0583606,3.718446073656467,7.7354681175248245,1.8009268987667606,7.8867993,7.941864331082182,sit
0.9239590831971154,1.777971340207547,1.5417938,2.001820041517566,-1.2593539855985578,2.7966640054081964,-2.41717335,3.064066048114838,8.326020243757212,1.8677873118707966,8.659193,8.532458989844203,sit
-2.6636806689939254,2.552612491443768,-4.4032435,3.687248477487755,-0.7241449438574766,1.2683806371359192,-0.578397215,1.4592520298229315,8.355800895766356,2.010626196069796,8.6993095,8.593752436599114,sit
-3.1069425933266976,2.016110920581864,-4.4499464,3.7024689480092343,0.971519424748712,1.7410053166804327,0.62989014,1.9919465132545655,8.361665991862528,2.182626759385296,8.698711,8.641189799469982,sit
-3.8397045747817757,0.8813386041066529,-4.008065,3.9393240666601073,-1.1943756184327101,0.3873812653687957,-1.2394226,1.2554866567474752,8.390440137293925,1.871221266676602,8.793314,8.596090607012691,sit
-3.680555122336215,0.857492084192405,-3.9164556,3.7788967582443354,-1.1228330563350468,0.28130584947950366,-1.1915222,1.1574550372293855,8.417826494602338,1.919941703593252,8.8561835,8.633502561379055,sit
-1.1498751943995316,1.894136097646399,-0.13891113,2.213947219477726,-3.1570535965379394,1.7793068410550328,-4.164939,3.622914004420753,8.00928923046932,1.9354303745360038,8.309521,8.239285899527669,sit
-0.14448179163364486,0.26750829043058755,-0.1963916,0.30375726443916484,-3.2319035259422897,1.3240626476817587,-3.6380346,3.49202608381744,8.239497452702803,1.8815004532007442,8.580756000000001,8.45109999335907,sit
-2.116584371547482,2.045159875595454,-3.2380664,2.9415264597736552,-0.7406969535323741,2.8647652306840996,-1.4681469,2.955643929321932,8.418935440033573,2.1242923830497547,8.853189,8.682181203241996,sit
1.0601185511209026,1.0240717913475743,1.0681787,1.4731202760401414,-5.372892552304037,2.6086916317670283,-5.069059,5.97135511141461,6.082033491167934,2.783860086343424,7.4688683,6.687495802552982,sit
2.1178101738907364,0.6017657136248553,2.2070105,2.2014499221019466,-7.141628610806413,1.8053645894752874,-7.682025,7.365762595433849,4.374970699281947,1.3432929904735382,4.3002577,4.576081140717856,sit
2.1171169552219626,0.48471506457638847,2.2046156,2.1717697737949297,-6.977308510141823,1.6055584373247729,-7.308402,7.159233827886452,4.714438941780608,1.1161942254167279,5.0163684,4.844472430279819,sit
2.055082349229274,0.4668801145755811,2.1435425,2.1073276960703997,-7.0127231664789225,1.5604995143995304,-7.3347473,7.183852865715966,4.735496728647775,1.0595498718226333,4.968468,4.852313474058949,sit
1.9534756564437938,0.4533849393906643,2.0513341,2.0052789440232366,-6.97147055460562,1.578412046269339,-7.39582,7.147513669606652,4.825600030450117,1.1488686964660093,4.902605,4.960163690502487,sit
1.936125218425701,0.44278709716896014,2.0339703499999997,1.9859967748627387,-7.1818363240810745,1.6340203998594143,-7.5538917,7.364954669400853,4.518121542477337,1.029794578853314,4.7445335,4.633726513026677,sit
1.8344393505789718,0.4254779060040973,1.9142194,1.883023156728608,-7.196492519837617,1.6014271682913268,-7.5497002,7.372115136094465,4.580553203046495,1.023424207198507,4.779860299999999,4.693231036750163,sit
1.759955419370726,0.39741584655650386,1.8501526,1.8041653338519026,-7.170760072504684,1.598658948998865,-7.5371265,7.346395387011338,4.686245364180094,1.0708944494037902,4.8499146,4.806768642844377,sit
1.7133265422689055,0.639915733058643,1.8303937000000001,1.8286501438715534,-5.492828388532089,3.553357935376808,-7.4485106,6.5395800695009365,5.336350942936567,2.4317912481638957,4.9774494,5.8630657161153,sit
1.6973378508757009,0.38272604731751997,1.780697,1.7398542370340586,-6.8922597362439255,1.5333263968411315,-7.179071,7.060371159545368,5.079490709721496,1.1408003690058945,5.3875965,5.205728636639462,sit
1.6794915243180328,0.37720328411710463,1.7615368,1.7212323736051478,-6.795407019470492,1.5090339122524326,-7.125183,6.9605608198274025,5.218087816884777,1.160053762606932,5.4726195,5.345186022646069,sit
1.5376330716714952,0.36501224853605824,1.599873,1.5802652025603916,-7.035537628371495,1.6198476001219102,-7.462880999999999,7.219180379085844,4.9114116844778035,1.154204611860989,5.065466150000001,5.04490242036582,sit
1.4803797566430912,0.3360122039862148,1.5483801,1.5179473022661514,-7.046169676029977,1.5652688317607764,-7.3850427,7.217536682164744,4.964927679798829,1.1066104409802333,5.215155,5.086474776232599,sit
1.8471592672482517,0.7024697665771441,1.7375866,1.9759329103820864,-7.508975817381352,1.9051047968298278,-7.462881,7.746333449861876,2.1310635849410255,3.689934475622753,4.860692,4.257383046403558,sit
1.9462255492510538,0.5655765543774625,1.8884729,2.0265541200107937,-8.57749909810773,1.9240710636569411,-9.055569,8.790157582830183,-1.2933540072145198,0.5944183635784885,-1.2585827,1.4231199179050988,sit
1.7455871739282711,0.39871715180506345,1.8351837500000001,1.7904408706105681,-8.677878281815888,1.9273035020889908,-9.086105,8.888835217714842,-0.8325494734376168,0.28735829047587425,-0.928668835,0.8806364068563695,sit
1.6443602791091123,0.42353036071456285,1.7543519,1.697904469209197,-8.697747110131308,1.9874040765492054,-9.1184385,8.921398506350087,-0.5549802379165888,0.23664720473703355,-0.56342835,0.603219792802095,sit
1.3498868621224824,0.38959601558360035,1.3376184,1.4048573334597996,-8.78870827318384,1.9649610708352883,-9.224418,9.005188659757222,-0.7033646490318501,0.23082085803516833,-0.7424561,0.7401860067234791,sit
1.3245077506440202,0.3168542700198663,1.3376184,1.3617863076808527,-8.818571425410942,1.8797672747202727,-9.2256155,9.016192978990897,-0.7332773359119593,0.21176977555905893,-0.72928345,0.7631696902583917,sit
1.1922729526773366,0.27624975004194546,1.2513977,1.2237852812166412,-8.802615954522897,2.0031771804627208,-9.25675,9.027147442459025,-0.6976188349039719,0.17153777563778955,-0.7286846950000001,0.7183512349794178,sit
1.274298897613785,0.3768424119865819,1.2549902,1.328727242285169,-8.770444606389486,1.9637777756000787,-9.254355,8.987108067182684,-0.9368152474848132,0.6404714931371334,-0.7544311,1.1344020986860024,sit
1.1838595952728337,2.0836607414600827,2.1650977,2.394367943061763,-4.7817399185386416,2.7312980197408745,-4.90979,5.505229770068677,6.120147164453864,3.064359431436576,7.1383557,6.842843612687508,sit
-2.308748514133645,0.5993263660478841,-2.2944287,2.3850938263917905,-2.1143194759238315,0.5742645742705487,-2.3393353,2.190743283449389,8.528587322949532,1.9528650619261516,8.965755,8.748804101328437,sit
-2.725559463112412,0.6477180489271972,-2.8333082,2.801290868815001,-2.1648436559107727,0.5855514780074841,-2.3135889,2.242457494010939,8.481104797990632,1.8913033623823021,8.867559,8.688946419868603,sit
-2.5263196644200465,0.6055301902927882,-2.638114,2.597711138098204,-2.1350944786550117,0.5060927795359037,-2.2381458,2.194119708421594,8.497188143993473,1.9325401313387345,8.926238,8.713679595485134,sit
-2.869739065294848,0.6742771283051512,-3.0057495,2.9477088043709543,-2.0544556619140515,0.4868379156630448,-2.13516,2.111218643732163,8.463798381621311,1.8829206203048265,8.880733,8.670234719191937,sit
-4.440841342759954,1.4568690479120014,-5.031936,4.673175430542708,-2.1655347093934427,1.0639759733895298,-2.4680676,2.412246730868805,7.8155826604309135,1.9194451736174953,7.9514647,8.047296057067925,sit
-4.301480889530536,1.0796161270174394,-4.4715014,4.4345903842448875,-2.7007068755337995,0.7094676835881756,-2.9350965,2.792129782917633,7.7507752484715615,1.792292826265691,8.017328,7.954831400914253,sit
-3.800986937736041,0.8339347587564979,-3.98591125,3.891167406875738,-2.72141046198731,0.5998727996588085,-2.85306705,2.7865765663573403,7.989759077208376,1.75184695080208,8.366402,8.179084826106603,sit
-3.272643911214486,0.9474026214823219,-3.3679962,3.4067099622065133,-2.782147173946028,0.8296573417944676,-2.87761595,2.9029409142414866,8.09014897208458,1.8819882074096659,8.458012,8.305667618180617,sit
0.358943533088729,1.7168068132906342,1.1328442,1.7519126482558909,-5.0162589496506,1.9831998323075464,-5.2894006,5.393190481942482,6.898836888252998,2.0372601239416075,7.3658824,7.192664746575221,sit
-2.062025643186014,0.5643296808665464,-2.1136048,2.137679908742094,-4.368962919380652,1.1870194948369208,-4.660708,4.526982201659435,7.6590680555699295,1.7901684891853915,7.980205,7.8650210761859265,sit
-3.077154643771663,0.9142035329366466,-3.2560291,3.209780599819603,-2.450187120055035,0.6642517143251636,-2.5207582,2.5384274535515803,8.278390170103044,1.8515737435024973,8.649613,8.482454849343478,sit
-3.8065884932135834,0.9343042111978419,-3.9026842,3.91931065321263,-1.916375160534192,0.8540660522826127,-1.9675086,2.097668780659785,8.208333251955503,1.838524888462066,8.644823,8.411242027360846,sit
-4.069167303172897,1.2533576485650466,-3.8338275,4.257388588879272,-2.902472296931075,0.9788284149455808,-3.10753785,3.0627131659884728,7.712400137669859,1.7744460639761108,8.124505,7.913432759426959,sit
-3.35297593785771,0.9047925712981871,-3.4152977,3.472633655343697,-3.40462399476472,1.0239047745185856,-3.8320312,3.554911538241366,7.810295854752103,1.7584634648473065,8.123307,8.005353855026742,sit
-4.138363486559484,0.9258390005889763,-4.331393,4.240427190698711,-2.019578321569555,0.46690252128394927,-2.1267774,2.072723818423617,8.072824742886885,1.7957520663781532,8.461604,8.26968395786408,sit
-2.8310052332247664,2.248842593270667,-4.3122325,3.613871543745353,-1.8420232057149533,2.003279350693952,-2.07947575,2.7197060833209226,8.104151350960981,1.953513469379885,8.4550175,8.335740375301786,sit
-4.176902861777804,2.8281202519472837,-5.07564525,5.04242938900676,-2.164558536182243,1.7428693730061762,-1.653761,2.7777347113239483,7.495587926040887,1.8894672776467896,7.9939763500000005,7.729526740136928,sit
-5.276690283717331,1.2136963236278713,-5.380411,5.4141545350984845,-1.5767340981543327,0.3726023946012841,-1.6848962,1.6200610562508495,7.616667824689227,1.7036586552960427,8.0436735,7.804440034495752,sit
-3.3223643875387343,2.640615814259983,-4.637955,4.241851507601329,-1.7567077369906328,1.2273837713847517,-1.7627344,2.1421202452302506,8.09035706667848,2.0194854669125104,8.195757,8.337977821554757,sit
-4.320646881464485,0.9691312411446991,-4.4990444,4.427754556031109,-2.9967807898058414,0.6753607894833717,-3.1500494,3.0717652279137573,7.646048139737851,1.697349967267304,8.012538,7.831750619457705,sit
-3.9279323942154205,0.900815568946561,-4.084706,4.029668178386648,-3.065615561054439,0.699801515451593,-3.222499,3.144292721511606,7.758504427959813,1.7654344372899968,8.156239,7.956372764295535,sit
-3.8526703261545667,0.85641371555836,-4.035608,3.9464915337198048,-3.0872654089032787,0.6879634201296713,-3.234474,3.162814088175948,7.806277020152693,1.7330436746164064,8.186176,7.995896914998103,sit
-3.624399458910748,0.8055558127375988,-3.7990998,3.7126372616473526,-3.0758093166345795,0.6844558234151575,-3.22669005,3.150871014115193,7.899956123474065,1.7517109685472012,8.283175,8.091392259550096,sit
-3.610271456662383,0.8238940562866315,-3.7949085,3.702873940894934,-3.064525290978505,0.6995521061004457,-3.2242949999999997,3.1431743529413327,7.884771586471495,1.7930594345057482,8.284372,8.085615207210797,sit
-4.454421055941218,1.1875442885705467,-4.531377,4.609644851931143,-3.1494482628653397,0.7406912737956943,-3.2189062,3.235175897975592,7.492205315596487,1.6781284282374906,7.8640466,7.677412350236527,sit
-3.8682116323116826,0.8828367514190818,-4.0667434,3.9674476596756034,-3.4608023968850468,0.7900695231342316,-3.634442,3.549634438563868,7.615044878493459,1.73216802640533,8.004155,7.8091167412589195,sit
-4.754730369965187,1.2931735020813309,-4.84332815,4.927053009652179,-3.3921027044836447,0.7665208557680263,-3.5619928,3.4774332761181084,7.210491319685982,1.6361062709356928,7.49760865,7.393360162556813,sit
-4.9856821740784545,1.113534960229558,-5.210365,5.108236776103587,-3.3111612332838405,0.7389058650984498,-3.4679883,3.392416829370408,7.1668193446564405,1.5921221720993124,7.5191636,7.341131800064545,sit
-4.721059775127088,1.0856582644543369,-4.975653,4.843973093820823,-3.278982734953924,0.7433938820336417,-3.429668,3.3619879781728774,7.307021418716708,1.6495993910108073,7.676038,7.490450661061609,sit
-4.2665989090637,0.9487122651251116,-4.4691067,4.370562132697408,-3.3669555094672132,0.7493885389669381,-3.5338514,3.449153142725011,7.508134282569087,1.6664918424052753,7.8736267,7.690433765152334,sit
-4.4607974353946265,1.0287077840576044,-4.670288,4.5776064642920975,-3.2026295805420557,0.755518254123702,-3.3512310999999997,3.2903359097997122,7.467242419812616,1.698499199826346,7.85626295,7.657536710234752,sit
-4.385742679570024,0.9920762365742384,-4.580475,4.496292823739219,-3.2892431583939112,0.7605720617833363,-3.4775684,3.3758311103863723,7.480894976884075,1.6637223850849516,7.8448863,7.663242098444349,sit
-3.3349014468494174,1.066195177910032,-3.7146752,3.5008127626378744,-3.304437910898135,0.7701021762392315,-3.4572108,3.3927842328589577,7.824909841809557,1.7971360347871974,8.228089,8.028161902115652,sit
-4.749739180908665,1.1201215634622674,-5.0558863,4.879729117577067,-3.5711574430398128,0.8477552997036086,-3.6607873,3.670173213709294,7.1567556959655745,1.6108588141424223,7.4568934,7.335389644797477,sit
-4.678305510662061,1.0411412034778993,-4.907395,4.7924919273295785,-4.1776014523501175,0.9309116643781276,-4.374503,4.279827206966436,6.858640007228104,1.5225957084836044,7.1922436,7.02522677012239,sit
-4.485281346622196,1.0311734071212828,-4.7253737,4.602019444186344,-4.044541043805608,0.9354791382399124,-4.2864861,4.151070801295379,7.011956154542757,1.5987887595480625,7.34791995,7.191500702569084,sit
-5.82475913101171,1.4887063606487947,-6.2905188,6.011561801179992,-3.018438195959719,0.8542316927936685,-3.0105395,3.136713566920768,6.718080793444262,1.527775893479056,6.9970493,6.889212034297722,sit
-5.4065378453030375,1.2478757876138211,-5.485792,5.5483517507735725,-2.9545646459390187,0.6728614912578328,-3.13807425,3.030039112564246,7.072148614709813,1.5807202269058744,7.4706647,7.246248990701037,sit
-5.009745342436456,1.1316070109824317,-5.276228,5.13564416252321,-3.069521339977975,0.6920061563532983,-3.2189062,3.1463663870433596,7.252290066740759,1.6359940753743885,7.6029897,7.43407102041964,sit
-4.9320010517032635,1.1409120107253445,-5.1289344,5.061944327094206,-2.959061164115851,0.6927932004402467,-3.1446607,3.038895621445133,7.3371709481995335,1.6667659284302,7.719148,7.523676654769022,sit
-5.205070844065573,1.3446569262594816,-5.4905825,5.375558604422597,-2.0372495604800935,0.9731532918757921,-2.193838,2.2572539153951405,7.5013331408,1.718423861184201,7.765851,7.695197451046749,sit
-5.475404276121545,1.2393606652727829,-5.7133193,5.613596852384595,-2.147485018850117,0.5306829783239913,-2.2094054,2.211935077639744,7.355081683900234,1.6374350488881233,7.7203455,7.5347289914364985,sit
-5.555023050682944,1.3619567715397547,-5.9127045,5.719167194734835,-1.9340931043483645,0.692604965203136,-2.00403265,2.0540927378998046,7.330993684311682,1.6939436589090078,7.6784325,7.523709803544314,sit
-5.586888309339954,1.2439790278413583,-5.8294773,5.72338965878986,-2.3710347699978973,0.6556118533777158,-2.66026795,2.4598025356448945,7.196154087444859,1.603229049106231,7.52814505,7.372175497026059,sit
-5.586113274822482,1.242011958439513,-5.8438478,5.722206094892711,-2.5449717002407497,0.5694569133186865,-2.6716442,2.607758173308873,7.137802692575878,1.5852903518703045,7.492819,7.311325953014686,sit
-4.980206853895105,1.2721208558644557,-5.085824,5.139745084954681,-2.2405677687179484,0.6684604174823486,-2.430945,2.3379353439390047,7.558015508146154,1.7596497208564583,7.9826,7.759687359840391,sit
-3.5058402184145203,1.1414307535064399,-3.8404138,3.686560537678642,-2.216910194379391,0.9506615430897946,-2.3291564,2.4117072068673036,8.189793030976581,1.8759677419982752,8.478369,8.401411967302577,sit
-2.44424053682904,0.6863080082856919,-2.6093738,2.538548285116237,-4.828300338700234,1.557924263810395,-5.422324,5.07286191729276,7.1829990930363,1.7121109405605603,7.3095994,7.383761569569058,sit
-2.8818440654964554,0.7316921165352908,-2.8392956,2.9730528410471964,-4.71925953881519,1.1864088603381047,-5.0810337,4.865738702437674,7.19915807741038,1.6402419782953466,7.436536,7.3831876345853695,sit
-2.094518663348131,0.7691096710175538,-2.02858155,2.2309540646236177,-2.9446145755962614,1.372521055518644,-2.9464728,3.248102155407792,8.19111636411472,1.9727251522824976,8.722660999999999,8.42478125469841,sit
-2.1696197318503514,0.6013757419980672,-2.203418,2.251234239673182,-2.915860215005855,0.7464554612624008,-2.9937744,3.0096730123070845,8.338382554328337,1.878718471488422,8.757389,8.546925804923914,sit
-3.90688412899229,1.3534334762229268,-4.36432435,4.134156009034841,-2.5487094360630844,1.4928748843929953,-2.7955864999999998,2.952860989678755,7.921118493970794,1.8819257586716909,8.2017445,8.14109869036165,sit
-7.982959738990267,4.322194558104051,-7.829319,9.075437099538489,-0.825514474270073,2.235591626976679,-1.2861255,2.380584760596863,3.634403025885888,3.918333875272305,2.645299,5.340867874550869,walk
-8.543949113539192,3.687451096972943,-8.335865,9.303981106659664,-3.5563151504536816,3.076504107745538,-2.618954,4.69997585950853,-0.8734969864085511,1.8898754185623954,-0.74365354,2.0799380768148503,walk
-9.247734071247002,3.183134041150291,-9.655521,9.778989190780479,-2.3872382777613907,2.2776820715993598,-1.7028589,3.2976205605391122,-1.1004986058369304,1.5139664521425793,-1.287323,1.8702125468411195,walk
-9.837757291522248,3.301540494780983,-10.027946,10.375746278519594,-1.7251689222730677,1.6527464160591145,-1.4669495,2.387756563190391,-0.08912270262365339,2.04974279155706,-0.25387207,2.049280097208864,walk
-9.871450219894859,2.9794070336133247,-9.834548999999999,10.310269413262194,-1.369621411610514,1.3319240358273519,-1.3597723,1.9093819780204468,-1.1875627959995327,1.0893167307366645,-1.3448035,1.610634619905481,walk
-9.847419910985948,2.7847838733064623,-10.21835,10.232719017060248,-1.2339366276398125,1.0181278035353527,-1.1939173,1.5989859998285703,-1.2838896029798594,1.1771386172783624,-1.3639636,1.7409143409402785,walk
-9.800614684331777,2.402969558855945,-10.270442500000001,10.090233873579713,-1.3895408840109813,0.7647646396705927,-1.4956897,1.585661475702311,-1.7216103106378504,0.8454189517917948,-1.7315991,1.9175519102101657,walk
-9.834012133790244,2.5686156545682586,-10.208770999999999,10.163143650786516,-1.193190291687805,1.4980360524729985,-1.4615607000000002,1.9137245472504887,-1.863365826509756,1.362843142404556,-2.0603154999999997,2.3075839168170633,walk
-9.870531926229509,2.1972347120678575,-10.368039,10.11157428241915,-1.2758706227775174,0.7563586316636194,-1.3160633,1.4827624434633562,-1.0473705558288056,0.7932251993677815,-0.8418494,1.313285097482614,walk
-9.821082582822429,2.261489216785047,-10.266252,10.077502031702545,-1.4774864032978974,0.7972674504746912,-1.5465839,1.6784267425497967,-1.3567122060079437,0.9812862723805578,-1.60466305,1.6737206872079797,walk
-9.877775106381733,2.1702227747938196,-10.333312,10.1128273895707,-1.104627812380562,0.4611427284716664,-1.1220666,1.1968112651595328,-1.4476615998562061,0.4659471775221652,-1.5352075,1.5206322478382814,walk
-9.927635676550702,2.776694894471526,-10.026748999999999,10.307762636184492,-1.5110590375560746,0.9894053820994605,-1.3615686,1.80552906977777,-1.4080316776766355,1.1234161601150163,-1.6417859,1.8004633644679973,walk
-9.906614623364487,2.8446234473037886,-9.82916,10.30601715432073,-1.2655696935864487,0.8374969866765163,-1.1573931499999999,1.5170461641492607,-1.444792168140187,1.1003747663107672,-1.651366,1.8153291728917702,walk
-9.924524270011709,2.644811220949497,-10.225536,10.27009379634271,-1.2039946349128805,0.9796878052675099,-1.2106824,1.5514971895423295,-1.438757109315925,1.1843240833942943,-1.53401,1.8626220017709831,walk
-9.925228737962529,2.682219487085485,-10.17045,10.28044835582583,-1.2816926735316159,0.9021980014484384,-1.3340259,1.5667773009603116,-1.452413863416862,1.2907422325969555,-1.5028747,1.9420658758098437,walk
-9.840804290306075,2.915391414401718,-9.93514,10.262605785950615,-1.36647130886986,0.8858130036264552,-1.3807287499999998,1.6279051528491244,-1.4530333119764018,1.0441012248544042,-1.6256195,1.7885486015667735,walk
-9.855805435053865,2.787107373562762,-9.996812,10.241419643976089,-1.0023980105142858,0.795393275749836,-1.0250684,1.279050670451109,-1.468753321763466,0.9748803326745181,-1.5016773,1.7622151519117013,walk
-9.930198394874054,2.68816828802136,-10.171648,10.28673353248673,-1.0244798754239295,0.8032407813872015,-1.1460168,1.3012031316490527,-1.3756915704256927,0.9440546593016746,-1.407074,1.6677894236616164,walk
-9.967803649285715,2.2686088138373925,-10.394384,10.222115370432741,-0.9828593421798595,0.8639954788847141,-1.0394385,1.3079573609822266,-1.703463929973302,1.1063198902444595,-1.9818786,2.0304843465496423,walk
-9.839111058957943,2.4887214126635175,-10.3207375,10.148269278975919,-1.2220288539345796,0.5438522403646443,-1.3046869,1.3373252093295167,-1.7678441947943926,1.0179702401777844,-1.95613225,2.0393909215166484,walk
-9.839802273330914,2.5637538455695457,-10.1189575,10.167553762118512,-1.1037954333618267,1.0217680068599908,-1.1520044,1.5033061000976815,-1.852738942007026,1.2051926728762767,-1.9531385,2.2094635890898555,walk
-9.899748968618267,2.7784912255238727,-9.939331,10.281389180217118,-1.100306031555035,0.6606742883847125,-1.1376343,1.2830205190790256,-1.738819330850117,0.9902718531756328,-1.8824854,2.0004585553352037,walk
-10.012362252634032,2.5990504088848003,-10.188413,10.343438250322322,-1.1036674780547786,0.5552636941489749,-1.0837463,1.235184594591071,-1.575195299460606,0.9647171599694414,-1.6801062,1.8465508427337212,walk
-9.949286877939109,2.451741568453557,-10.332114,10.246231928306637,-1.1550744224637002,0.6734804514050207,-1.1148816,1.3366789446870653,-1.5192546130081968,1.2203535814862054,-1.5220349,1.947796115600593,walk
-9.857238816621496,2.981762475260977,-10.102192500000001,10.297343900177152,-1.2364018786539719,0.7809710626619972,-1.22924375,1.4619098362542473,-1.8057992764766355,1.1161711115994655,-1.9267932,2.122224809241492,walk
-9.917585003911007,2.5667789977669866,-10.140512,10.243603727776582,-1.2603618444079625,0.7823769764954175,-1.2585827,1.4829673599124769,-1.7492135603629977,1.0991749467246301,-1.9363732,2.0652128628490773,walk
-9.911331666159251,2.7651496675923144,-10.009984,10.288957266615009,-1.539324518613583,1.1896204131825316,-1.2957056,1.944582840358121,-1.237520092313349,1.052744609443784,-1.3400134,1.623924785406772,walk
-10.110973846974298,2.621784554497657,-10.1854195,10.444591241926078,-1.4272827632172898,0.6950061696108001,-1.39629635,1.5871487261291037,-1.6779922248200934,1.131860573371402,-1.8651215,2.023307445813233,walk
-10.02430230863785,2.5812835023073237,-10.359058000000001,10.3505600563423,-1.206953130911916,1.1739496767570075,-1.1436218,1.6827577689062603,-1.6978944013855142,1.0587221982649708,-1.5525714499999999,2.000279776229775,walk
-9.994044119020513,2.738862867543683,-9.968071,10.361614419509207,-1.0913674051538462,0.6658285846711065,-1.16218325,1.2779960013608729,-1.4482995410615382,1.0002748438280953,-1.50766475,1.7594191688227856,walk
-9.913010418372366,2.707976807167937,-10.084229,10.275394898334406,-1.3286576575444966,0.7743859252026549,-1.2561878,1.5374005152765384,-1.765713825819672,1.1258898404015718,-1.775907,2.0934193473184095,walk
-10.068490695210281,2.361099231670105,-10.5368885,10.340999431971065,-1.138221783577103,1.0777364170432389,-1.1454181,1.5666367770813865,-1.8001842310813083,1.2645695134446695,-1.7034576000000001,2.1991050500090075,walk
-9.921602521293226,2.7828961726661934,-9.993219,10.303621355923902,-1.183754115441589,0.6790415452744281,-1.26277405,1.3642924523768842,-1.5410600524843459,1.0760326091444483,-1.55855895,1.878831289187678,walk
-9.933323787518736,2.7620553916792563,-10.036329,10.309316420644898,-1.2411956029358313,0.5780020523779283,-1.2789404,1.3688938942144293,-1.6541291154180326,0.8943408514042651,-1.6441809,1.8799243374014023,walk
-9.827521731779859,2.381716886475705,-10.15129,10.111353717291905,-1.2691991318283373,0.7699238409361789,-1.343606,1.4840016533494864,-1.8781774136299765,1.1475591564136933,-1.8645227,2.200308696135998,walk
-9.976326681995326,2.932026375630807,-9.773475999999999,10.397297091158872,-1.369928536114486,0.701686433021667,-1.39569755,1.5388039711151245,-1.593516080662617,1.0485388153904462,-1.568139,1.9068713581431203,walk
-9.90139302417757,2.70069527014669,-10.069260499999999,10.262275443483047,-1.1750142839042057,0.6145035677492279,-1.17595465,1.325666219291789,-1.8342541909626169,1.0815041904713074,-1.91781195,2.1287101542713627,walk
-10.047424337946136,2.2801917782775374,-10.523716,10.302321781301751,-1.1063948692215455,0.9399158545208517,-1.1867322,1.4510280734142718,-1.70671087,0.9771088053111925,-1.5878979,1.966053835058037,walk
-9.985203888528037,2.2595885555469453,-10.491981500000001,10.237094697019261,-1.1885613864023363,0.5259270873774943,-1.2082874,1.2994734358325293,-1.2334316542733645,0.5793967746602755,-1.25738525,1.3624499700911803,walk
-10.031361406978922,2.575039807515687,-10.221943,10.35584437947067,-1.7114003221896956,0.7683092862480576,-1.8142273,1.8755819866104426,-1.689540745091335,1.153983923650019,-1.4944922,2.0452648091206345,walk
-9.930040969747774,2.8027059770061826,-9.865086,10.31709640806494,-1.0015876157665105,0.6704695274680557,-0.9735754,1.2048462048282425,-1.7196350939882905,1.1338691329275887,-1.8010547,2.0590758013200556,walk
-9.99784389058275,2.9676767165973907,-10.099797,10.428013145954173,-1.0819115753834498,1.03885391491156,-1.0502161,1.4990778682473271,-1.9452337881934731,1.1358340219074243,-2.0130138,2.251898342694387,walk
-9.943271371138174,2.6416390889650976,-10.078242,10.287398121683506,-1.448775632145199,0.6172098680371909,-1.5232325,1.5744861712849845,-2.084484517197424,1.1271536591370204,-2.1818628,2.369087529320968,walk
-9.66778020855118,4.124828276230724,-10.116563,10.508830846222915,-1.5629322508398948,3.261990450268849,-1.4513818,3.6132272115670783,-1.779074424952756,3.1735196745791803,-1.5663428,3.6345425114404053,walk
-9.934244779859485,2.250703107566106,-10.40636,10.185431774928333,-1.6613400351007026,0.8455961527071519,-1.7950672,1.8637084041484082,-1.8220191635948477,0.7578948994344608,-1.966311,1.97302136356288,walk
-9.996776137681499,2.430609667803072,-10.500963,10.287349549741602,-1.397668783327869,1.0074932281801574,-1.6118481,1.722249541663645,-1.698788600266979,0.9938635862181426,-1.9160156,1.967570651801681,walk
-10.123718405911216,2.40201902598709,-10.5859865,10.40412846742377,-1.5422653507023365,0.7404079138486575,-1.5489788500000001,1.7104108982003126,-1.8273745246962618,0.8587970461168838,-2.0309765,2.018689380133649,walk
-10.090225404848132,2.4396585050861392,-10.544671999999998,10.380302305574524,-1.3747442075810747,1.1633283759715456,-1.5178436,1.800025709215605,-1.2615087389551403,1.2426979963800662,-0.95860658,1.7697724246482205,walk
-10.220330203918031,2.460858266441972,-10.542876,10.511745365466732,-1.4143782812688523,1.2613370369090475,-1.3256433,1.8941254223309603,-1.8120002923981264,0.9968640091308496,-2.017804,2.067548223724653,walk
-9.995144422177571,2.3740533932122734,-10.4728215,10.272578693157266,-1.2976478666929907,0.7502515637165703,-1.265169,1.4984833201137677,-1.480442456114486,0.7853336493045441,-1.6447797,1.6754157109202232,walk
-10.018376942997659,2.5348833220183624,-10.255474,10.333366426597015,-0.9759474665761124,0.939362573011908,-1.1376343,1.3538127587548259,-1.5826475312576112,1.2579380618692029,-1.6441809,2.0207611194217114,walk
-10.063757215971897,2.445926023117138,-10.332114,10.356049089649186,-1.408777181312178,0.8295607132592921,-1.421444,1.6343844351733383,-1.8695295270140515,1.0385867638841022,-2.0285816,2.1380544840779447,walk
-9.949656832911215,2.3419462465027956,-10.390193499999999,10.220937753749618,-1.5327496898446262,0.7562195654741114,-1.69148255,1.708757882985423,-1.8362733729345795,0.787910170841776,-2.0076251000000003,1.9978117690313246,walk
-9.849468977392405,2.136788414816046,-10.303374,10.078012934854423,-1.779586196443038,0.5043569062386652,-1.9076331,1.8495023465378895,-1.945678252456962,0.4979425818064018,-2.027384,2.0082288125123773,walk
-9.829240014004684,2.218529743259469,-10.381212,10.075927095663014,-1.8224551218454332,0.5512193421274573,-1.9327807,1.9038050999822396,-1.7941167946604215,0.5272396708205933,-1.8729053,1.8698090096134643,walk
-9.949101620665106,2.233033774458724,-10.438693,10.196047521031906,-1.5138809053185012,0.7885802038859536,-1.6190332,1.70652799267992,-1.5769322021807963,0.7634752557005113,-1.6525635,1.7516405293082684,walk
-10.013577255600467,2.8690218897218247,-9.9968115,10.415554909822902,-1.5554661296074768,0.7929743861422577,-1.5304175,1.7455125548052175,-1.873658850424299,1.2178060545754603,-1.966311,2.233871974964899,walk
-10.240848517868853,2.470147049888545,-10.589579,10.533865163875612,-1.3260169843590164,1.046933506305171,-1.3184582,1.6887344081632438,-1.7151099653466042,1.1474176990913993,-1.5088623,2.0627860464566994,walk
-10.101979317845434,2.7239829181622364,-10.551258,10.461964052375682,-1.6786854270526932,0.8291537084067431,-1.7136365,1.8718628621170912,-1.967095171943794,1.2993243203505245,-2.0992346,2.3566402722191464,walk
-10.166830382289719,3.016821358279907,-9.972262,10.603979753757034,-1.5655995775063085,0.947594143570106,-1.5034735000000001,1.8294640526221209,-1.6233622537656542,1.1829404719727077,-1.6681311,2.0078305860143795,walk
-10.050185609508196,2.689621113112967,-10.04591,10.403045271510953,-1.6621642014332552,0.7428990356823569,-1.7184265,1.8202736899390983,-1.5724438530213116,1.0679173559424833,-1.4968872,1.9000937642232423,walk
-10.342545503992975,2.497957788869324,-10.631492,10.639239987823768,-1.4482309843456675,1.4652759968993883,-1.5579602,2.058975121032507,-1.1687384633138174,0.8836012554691125,-1.1400293,1.4645382607507524,walk
-9.835771032096504,2.259476112391043,-10.320139,10.091368776825922,-1.4774721801510489,0.79360104068928,-1.6741186,1.6766808233970065,-1.5666142801864802,0.6533794579355262,-1.4944922,1.697112224647531,walk
-9.93688699237939,2.2279382310101896,-10.433903,10.18301562651426,-1.2572858549344264,0.5904087560246224,-1.3208532,1.3887166261522228,-1.5968717218501172,0.42144702220041363,-1.663341,1.6514239075135495,walk
-10.061231237437939,2.254824763995003,-10.488988,10.310223172009913,-1.199185563562295,0.7759784941901525,-1.22625,1.427858000371013,-1.5827692795784543,0.668280978396757,-1.6286132,1.7177637084521444,walk
-9.785482657063085,2.26268089991622,-10.3015775,10.043078896064102,-1.8014692858014019,0.6150208514567792,-1.83698,1.903328261813188,-1.997821615990654,0.5934544783288391,-2.11959235,2.0839041622637526,walk
-9.85548084809819,2.2335526915084123,-10.376422,10.104769642421175,-1.7116247550310075,0.8176507432368005,-1.771117,1.8964399577882993,-2.1097685903100776,0.6697778070942748,-2.1567152,2.2132705746105956,walk
-10.059741375654205,2.337065864428897,-10.56143775,10.327028227191386,-1.2744958353119158,0.652953355287998,-1.34779725,1.4316743966508831,-1.336448286369159,0.8120060619769311,-1.0897338,1.5633001376767843,walk
-10.005920226606557,2.3064419642023113,-10.49258,10.26769963824756,-1.4774109118126464,0.6713348252421774,-1.5172448,1.6224604675566487,-1.577860906644028,0.6341071497778171,-1.6944764,1.7002338812512459,walk
-10.107417230093459,2.316938130083909,-10.5823935,10.368970191542248,-1.3631304549088785,0.6965498445003201,-1.4717395,1.5304158653463142,-1.662834175140187,0.5486145671117921,-1.7699194,1.750797594745845,walk
-9.939866456558411,2.301942648933122,-10.384805,10.202328382891503,-1.2379694374742989,0.7689454725869038,-1.2963043,1.4568678661045102,-1.410597375526869,0.785145510265056,-1.4106665,1.613938696568591,walk
-10.01598885498829,2.2846482472478464,-10.3931875,10.272654302957182,-1.4296223023840748,0.7166842407059291,-1.6501684,1.5988287378678074,-1.604428747937939,0.753503110098129,-1.6238233,1.7721819543093147,walk
-9.854483888229508,2.270853688678823,-10.3931875,10.112148753794402,-1.7517005262248244,0.6796728251012474,-1.8537451,1.878650585016109,-2.2438434554644027,0.6803450286967554,-2.3507116,2.344486896427942,walk
-10.096116632133178,2.3766686530195567,-10.545869499999998,10.37144769933653,-1.0611572486672898,0.9668880913386207,-1.1543994,1.434832047955391,-1.8537678909820094,1.0215462518074678,-1.9076331,2.1160278640709875,walk
-9.96465146470726,2.5485671397800727,-10.641071,10.28466149422536,-1.2711735527833723,0.9937581031257725,-1.2837305,1.6128002335243052,-0.21116279718992975,1.7366329848361899,-0.8064052,1.747404036575722,walk
-3.7704494063157896,8.333058687203348,-3.766168,9.136855096550722,-7.559439967105263,13.698506665729374,-4.4643164,15.630864308443638,0.4653511098922306,3.8531129893928395,0.89334226,3.8763155369728812,jog
-3.3616990932023807,8.079034752362578,-4.4370863499999995,8.741648394349303,-5.724111519495238,15.459332452820954,-2.1387525,16.467768108626387,-0.6629481509595238,3.5819317089337463,-0.13112732,3.6385693397691226,jog
-2.7780787487659575,8.742323188547985,-4.700226,9.16325569372927,-3.292024904243499,17.183587982194837,-1.5795153,17.47612865085822,0.012764835503073294,3.5557265803985345,0.20716919,3.551544046458682,jog
-4.084702797890187,8.895225647928099,-5.7815772,9.778801802237117,-3.3317588920570094,16.929013328426898,-2.2423371000000003,17.234340814156397,-0.37055350578971963,5.136353435101744,0.43409728999999997,5.143714224974035,jog
-2.8185665178688524,8.479810183665382,-4.214037,8.926538919142063,-2.3904666705363,16.69842184796624,-1.5878979,16.849291034928445,-0.6924654149730679,5.229614479897279,0.1101709,5.269186568058486,jog
-4.798531069424757,10.363520164557697,-5.583988,11.409108853191363,-4.777104600509709,15.964508795512227,-2.92671395,16.6453496137498,-0.4624902462237864,4.546690830627167,0.21315674,4.564659791819246,jog
-3.8489590271495326,10.296404594207615,-5.395979199999999,10.98101690865749,-3.1407701481168226,16.72911122585337,-2.00103885,17.0021679099108,-0.14783526128831775,4.533532582452411,-0.0395178215,4.530645881653724,jog
-4.077833613668258,9.539688801224578,-5.7995396,10.36422655676488,-3.9862699760875895,17.12137071295667,-2.459685,17.559386723002298,-0.2596673507343676,4.105235613275423,-0.05029541,4.108547762081192,jog
-4.106241299371429,7.179333574211338,-4.404441,8.262576516829494,-8.953312591677921,12.89237553317547,-6.525231,15.682583660666022,-0.6007684941246753,4.100535973352062,0.33530274,4.139039054942868,jog
-4.514800760780194,8.009614615059496,-4.782255,9.185988842619091,-6.468581195531401,15.06735749369387,-3.547024,16.38045891690057,-0.9265244074596618,4.909230071627947,-0.0299377425,4.990067485446576,jog
-3.553320543299517,9.2142185457199,-4.12542105,9.86523357166909,-4.834686656690821,16.508273842429634,-2.3680756,17.182521117544013,-0.6873210077536233,4.137753753177389,0.09057344,4.189518015521831,jog
-4.023322775145804,8.275160206200155,-4.9301476,9.19245267058938,-5.1574849346522775,16.529014379868123,-1.9699036,17.29603397899124,-0.9326552092836932,4.605906130397091,0.039517824,4.693968814275431,jog
-3.482144973019277,9.578036742802858,-4.33259,10.180523765479505,-4.726707177078795,15.990350652433596,-3.0895753,16.655838348082884,0.09671169005951809,4.523129915693397,0.69575316,4.5187121287754755,jog
-4.751262939608173,8.617584721566386,-5.35047365,9.831518178247125,-4.9076019605024035,16.193537498733992,-2.36268675,16.902214398416767,-0.6923962329800482,4.4696185002284805,-0.1257385275,4.517618760989161,jog
-5.200626958668171,9.957614315380109,-5.52531,11.223416736015055,-5.912790676137766,15.919667149927255,-2.398612,16.964519164007985,0.05763636654156771,3.9826606300564156,0.3436853,3.978345343158235,jog
-3.7660464457751197,9.028892532601224,-5.09001515,9.772869594933146,-5.626960217997608,16.34156306964255,-2.40340215,17.264718277169077,-0.7793508080143541,4.56793192461017,-0.268242195,4.628549565964618,jog
-3.968117366639423,7.963400336134516,-4.96966555,8.888715242062208,-6.9365469401490385,15.124883043625992,-3.95178225,16.62311227397188,0.4926551890024039,3.7768227806700594,0.79694274,3.804314662595591,jog
-4.185581721371256,8.632636157968827,-3.3931439,9.584440284547222,-6.124981480600001,14.118811587021536,-2.23287665,15.374483378392219,0.7048858653985507,4.362460620525229,0.6735992500000001,4.413837106019199,jog
-4.18264261647343,10.86865909204164,-4.20445675,11.633439602524343,-5.672662290763044,15.966100297960166,-2.6452991,16.925711689398756,-1.2737589911507246,4.756447779633278,-0.11196716,4.918496782445752,jog
-5.169075830362295,10.595558605728927,-5.410349,11.778042681085765,-3.718731022506323,16.563934768223408,-1.7627344,16.95730983777308,-1.8443407901679156,5.1043446968292345,-0.515588,5.421707347030613,jog
-4.334236463367542,11.090501152210768,-5.229525,11.895010185503672,-4.905573218503579,16.745912743720847,-2.337539,17.430460944257455,-1.1962611602840094,5.097879905376247,-0.5185217,5.230429764474031,jog
-5.2836286439857485,10.440512562003816,-5.669011,11.69025733769939,-4.839145292517815,16.11228678721753,-2.4117587,16.80495378913446,-0.9282934172042756,4.541111536644736,-0.041912843,4.629734334777734,jog
-4.100336157096018,11.584885062842456,-5.988917,12.276319090546647,-1.6532984239501172,18.1137726375958,-0.8921448,18.16793192019769,-1.8065201545269323,4.607906597937676,-1.3364209,4.944349578009982,jog
-5.525061217981796,11.589925044987622,-5.269042949999999,12.826793408733268,-4.681411007140777,16.448577344336954,-3.1077913500000003,17.082582272194834,-0.8756429143495145,4.37215786477864,-0.592767365,4.4537756366482695,jog
-5.330442152408312,10.989419508861435,-5.8390574,12.20187198790404,-6.907718448075794,15.79958836651924,-4.212839,17.22594646933001,0.12238671287114915,3.790673290398827,-0.24069947,3.7880139880848467,jog
-5.533089388643939,9.294827726623371,-4.3930645,10.806976192810746,-8.42613716757702,12.750662293628586,-4.721781,15.269859936507109,0.7111979288295454,5.029720798060225,0.6322852000000001,5.073461316641272,jog
-5.4819844809451075,11.122909809189624,-5.151687,12.38854325995031,-7.095465650069213,15.356963889257802,-4.1122484,16.90026974520816,-0.6040995997405728,4.29310555735385,-0.21794678,4.330323795065393,jog
-8.996260676302212,13.185468445257447,-6.450985,15.94873406378238,-5.809844744054054,15.311551367903942,-5.0235534,16.359152567530597,-2.3565129734766583,5.665965003344637,-0.920885,6.130043659854285,jog
-6.195503134479419,14.271811163931696,-5.629493,15.542704718040387,-3.1811069725133176,17.177890606641405,-2.5051904,17.449495351595246,-1.987933449803874,6.1367408772736765,-1.040636,6.443623402334385,jog
-7.017571886192654,12.436970334412422,-6.40607825,14.267375728713542,-3.221668520443128,17.161833561801245,-1.33998825,17.441609568801784,-1.7875581880481044,4.805752188693929,-1.04229025,5.122098230658214,jog
-7.234011193693991,13.283623014954523,-6.6431853,15.111630902892564,-3.0784696689350963,17.63569670847905,-1.5795154,17.881474630397967,-2.164216620516827,5.985055454047792,-0.7424560499999999,6.357563563410756,jog
-7.40793265342446,14.051762679567428,-6.2090883,15.86997147202388,-5.1213324240784175,16.520805104473425,-2.5938063,17.27745704422206,-1.9572917169453237,5.591653256616637,-1.113684,5.917989285608004,jog
-6.748533986078759,12.109661690193263,-6.312074,13.850510162291794,-4.34608889746062,16.42486456798865,-2.8488758,16.97117578599843,-1.0532208969090693,4.649187118768259,-0.33171022,4.761578325720126,jog
-4.739726130723192,8.677108908862783,-5.3265233,9.877725531003946,-7.441602814558603,12.702114958388352,-5.0750465,14.707781050800563,0.716528113415212,4.563147982724397,1.2502002,4.613437554116783,jog
-4.818809689771971,9.284100996045307,-5.6007533,10.450393319246912,-5.292612885361045,14.887769877437458,-2.1698878,15.783883196166098,-0.6313467136413302,4.66683675798788,0.1580713,4.703852839888443,jog
-3.929767151591346,9.424913213937613,-4.81997685,10.200908181735953,-2.637459097872596,17.25801763975179,-0.48704735,17.437872685531488,-1.0902871808766827,5.14989499136188,-0.086451928,5.257983563037242,jog
-5.1031254087499995,9.566302058312536,-5.630091999999999,10.83217605593132,-6.0743839853021635,16.030203229513347,-3.5374439,17.124480904447616,-0.5072481139983173,4.280804361489502,0.282612305,4.305639959666625,jog
-4.8909904965811135,9.04488806785651,-6.15041,10.27295970157783,-5.366119901122761,16.789714501264,-3.197351,17.607021398489188,-0.42036292385302665,4.111822339630847,0.39757323,4.128298765057919,jog
-3.5355826987980765,9.30321281023519,-5.0702564500000005,9.941934484003454,-3.576312144686539,16.84852751883958,-1.8711090000000001,17.2040838576087,-1.4294790017860577,5.533916707891636,-0.13891113500000002,5.7091180053491515,jog
-5.303300934917073,9.443217371780694,-5.800138349999999,10.820436992644805,-5.200714026041464,15.366841082153632,-2.9237201500000003,16.205285572346657,-0.47105822905609757,3.6823629324393248,0.198786625,3.707913152478777,jog
-4.416268317415865,8.869981593712755,-5.77499085,9.899033940020303,-5.618981868737981,15.951392687321366,-3.50870355,16.894029555896548,0.089464264375,4.262047265086187,0.25926087000000003,4.2578615250297,jog
-4.215577448893035,8.324952868545648,-5.200186,9.322206465797889,-8.115121708034826,15.084695384382886,-5.3696338,17.112486531424356,0.8864537483407959,2.7696965591945433,0.974174165,2.904812669271209,jog
-4.5483482357223615,7.795763062333228,-4.5798761500000005,9.017133419310644,-7.384630665623115,13.176457325616422,-5.097799,15.090247480036703,0.48774314359799,4.283418288129944,1.3909076,4.305748010072154,jog
-4.196653858200935,8.962880732839924,-5.08777365,9.887236225135918,-3.183284033640187,16.992282341510087,-0.96920565,17.268362276528148,-1.057849900359813,4.925875064308661,0.2706372,5.03255396387417,jog
-4.008042266901639,9.892297392705208,-5.18881,10.662681460786557,-2.695184041826698,17.081589748020132,-2.347119,17.27314094637173,-0.4428369769437939,4.4518591283765385,0.17244141,4.468639574944596,jog
-5.481441019160098,10.375631102412633,-5.828878700000001,11.723257204043833,-2.5391185954302955,17.302694234912195,-1.23223755,17.4669102567039,-1.5379021725344828,5.2192964345064805,-0.132923585,5.43498869992284,jog
-4.52577364457944,10.767463187430536,-5.339696249999999,11.66833350489411,-2.6145934290460278,17.284193506422397,-1.9261944,17.460854661116883,-0.4309428546775701,4.793800177432778,0.56917208,4.807550216179138,jog
-4.558442373307876,9.204255563685267,-5.78996,10.26136080920751,-5.12824600950358,16.46842472662388,-2.2932312,17.229644315244993,-0.49374499347016704,5.065085180601651,0.183219,5.083074136644933,jog
-4.017519402444048,9.99320578610571,-5.3893925,10.759500556181164,-2.7946495187464286,16.980575008326895,-2.17288135,17.18905087283387,0.4324009936480952,4.921280727728561,1.26397155,4.934400705777723,jog
-4.259739611560714,9.24891444955153,-5.593567999999999,10.17271486027374,-1.9184422151016667,16.87390081746677,-0.8921448000000001,16.962636123604838,-0.270959393012619,4.346926658381181,0.653241575,4.350195447812139,jog
-2.283294574168317,8.420884286192932,-1.89864365,8.71488400803349,-6.318334302971535,14.407777366042485,-4.5930487499999995,15.715965611154937,0.7669032934745049,4.759592959937449,0.9442364249999999,4.815162741667031,jog
-1.6071727406579635,4.450990147836433,-2.2465284,4.726794986868107,-9.005682950848565,11.512589496759924,-7.813751,14.604656299617876,1.9966284864046997,3.402639601105213,1.355581,3.9413515343008663,jog
-2.25704180843609,5.69254135390467,-3.6512072,6.117029441179908,-8.795926941984963,14.22339123036556,-4.5565248,16.708266191955637,0.4379443792749373,2.0729776599184326,0.3796106,2.116190360500006,jog
-2.498034912136253,6.741758312185428,-4.7624965,7.1819841579499535,-8.259241039665207,15.099645235892538,-4.2763076,17.19475518907359,0.8389759004034063,2.9929787759336883,0.9523464,3.104836080069958,jog
-2.6279909105707433,6.8638771536956185,-4.261937,7.342081819781068,-5.037408631412469,15.669436163114568,-2.0399814,16.441347617566816,1.013681010742446,2.622656203318983,0.5448669,2.8088040100423246,jog
-2.148653185514493,6.517661032108013,-4.0356077500000005,6.855217529305793,-6.485795369012801,14.832887596620052,-2.95665155,16.172466104487697,0.05832364608164251,3.2650494809866846,0.309556275,3.2616253072307355,jog
-1.9208011191354368,6.381111922322235,-3.13687685,6.656518217273162,-8.019503604762136,14.201749164468385,-3.8134697500000003,16.294556739618415,0.7354872284174757,2.8731612439389793,1.19750975,2.962424759260687,jog
-2.9918842373679246,6.908632976489088,-4.4649149999999995,7.5211709196818575,-5.228110001339623,15.870755471735057,-1.74237665,16.691912854800506,0.7223413158167452,2.748641222849195,0.6640191499999999,2.8388355156417044,jog
-1.9518104915894987,7.149060695107567,-4.3230104,7.4024762298078715,-6.527220029897375,15.850620102376329,-2.7027795,17.124460156765544,0.19701517538257757,3.157649126108494,0.183219,3.160026336651316,jog
-1.8087203644476886,6.463132448555952,-1.5711328,6.703873146969014,-6.1190420636399026,13.803597551268613,-2.3686743,15.083712469113008,1.858414905922141,4.7298647055007725,0.7137158,5.076504105102583,jog
-4.991803003683417,9.325487207031136,-3.8194573500000004,10.567133224080205,-6.665726378147487,13.449715082228854,-4.33199165,14.995740538692788,0.5374969843082914,5.18848158841393,0.7855664,5.2097605658251185,jog
-4.488768110171837,10.528656361536788,-4.1733217,11.434031626552981,-6.171707585536993,14.977146828946713,-3.0644274,16.182383750111633,-0.33817640720763714,4.011010463971504,0.38679564,4.020469071386394,jog
-5.526716487315271,10.469986304492043,-5.061275,11.827730417837081,-5.738120827605911,16.08294798667934,-2.9380902000000004,17.057260916789865,-0.785936099973399,4.380568035960127,-0.027542723999999998,4.445200490104817,jog
-6.128723581753056,10.71451537371527,-4.8750625,12.332129004575782,-5.659085035104645,16.372239940656662,-3.5386415,17.303759838469425,-0.5629628239315403,3.9897074888725776,-0.42511597,4.02439737662588,jog
-4.940644277495962,11.082686403078775,-4.966073,12.122052454708239,-4.69092599490095,16.60580214973891,-2.1770728,17.23666027025371,-0.24710649517173397,4.1961167861219355,0.09580078,4.198408616271714,jog
-6.631720979275362,11.381487663439774,-6.5833102,13.160740489376165,-4.609586160016908,16.838445360521806,-2.01750185,17.438367579051988,-1.4369112038386473,4.394492585868463,-0.9518490850000001,4.618401520276104,jog
-5.900621289052884,11.912333006281862,-6.179748999999999,13.28080926147329,-4.472152919569711,16.756514335092103,-2.8165428500000003,17.323566913823637,-1.3792279879230769,5.232441363067204,-0.7388634999999999,5.405080840896047,jog
-7.220845151946731,11.583656223581936,-7.253317,13.638064471562192,-4.317503116053269,17.488083906792376,-2.2776635,17.992592808125497,-0.8355618512070218,3.9592710940833515,-0.73609775,4.041786140385662,jog
-8.566918318493826,10.848571270300342,-6.4006896,13.81278363653304,-3.992073571912346,12.943978270768886,-2.7614574,13.530318903653086,0.6781662568488889,6.204565638156299,0.3915857,6.233898524275342,jog
-3.541660053853598,7.304689026866092,-3.382965,8.10983566637984,-6.884522148565757,13.551345791734915,-3.5350487,15.184858845181765,2.089124763133995,4.6457242644917285,1.7663269,5.088579467486769,jog
-2.969840554046116,8.28291479054975,-4.2481658499999995,8.789772993783604,-5.758315551421116,16.497776076431773,-1.8842698,17.454918808311454,-0.6119468601834951,4.329904967771255,-0.59699027,4.367728351017706,jog
-3.6059987139104113,8.933157345039746,-4.461921,9.623476678878175,-5.39300592449879,16.088891672065426,-1.4453943,16.950226747531712,-1.6375905029443099,4.1265486503370585,-0.6502478,4.434960587996595,jog
-3.205597628964115,9.745966612225434,-4.5936473499999995,10.24853585826506,-4.983734987817702,16.009415976813173,-2.3082001,16.748906027069793,0.6175447896873206,3.818917941634553,0.583786015,3.8640141742616567,jog
-4.184025463576113,10.127741032467686,-5.380411,10.947008452616556,-3.3551339326234193,17.29348660245935,-1.3567786,17.596056856877976,0.09144913376744732,3.084308520900042,-0.23710693,3.0820518171399316,jog
-3.2169442681264635,10.253589028653131,-4.770879,10.734924221726812,-6.397847773618267,15.931800171289746,-2.4177723,17.151101460774616,0.526265785309836,2.8813492165237915,0.1951941,2.9256940980777033,jog
-3.109097758186916,9.315542224527233,-5.2888015,9.81035475251248,-3.7323269481915884,16.578913058461616,-1.6974700999999999,16.974935214887505,0.6090335607464953,3.1300922478210635,0.232871025,3.1852014152109773,jog
-3.574551283765133,8.69983417779572,-5.485792,9.395811291337418,-7.1440158979113795,15.656284519405325,-3.8164637,17.19193703555535,0.9599261088765133,2.761821496319079,0.7484436,2.920727170846049,jog
-5.086928814244862,9.69884280510668,-4.077521,10.94114428404457,-6.196409802092732,14.202828763625114,-3.1626234,15.479349939521693,0.6460328316701754,5.035587007258155,1.0502161,5.070595941967011,jog
-4.943707792938389,10.25354191524116,-6.113886,11.372169238532875,-3.192824605167299,17.03447714802695,-0.80772032,17.311265867819433,-3.331904131105687,6.277254811937821,-1.19691105,7.100150623470636,jog
-4.927733744760291,10.753909865374736,-4.8714695,11.817322933979725,-7.016079970605327,15.772468671012334,-3.0356872,17.245109324217196,-2.1350518951842616,5.731998242084358,-0.21944447,6.110212470766895,jog
-4.975733353598086,10.851935338699702,-6.75635005,11.926470129355764,-2.2018106631722487,18.082239210623083,-1.18372095,18.194315773518007,-2.890532370667464,6.31595709942701,-0.88590165,6.939096317384057,jog
-5.410703979842042,10.920955885969523,-6.284531,12.176193979437752,-3.094096108741093,16.880465039299803,-1.895658,17.14195699389799,-1.588326889736342,5.274797118399157,-0.22872436,5.502742762639486,jog
-5.157457872897862,11.409144283307468,-5.2822156,12.508347451917208,-5.197114519159145,17.189119434617442,-3.0404773,17.938060296376463,-0.9512613116026127,5.112664511834785,-0.5221143,5.194434310270506,jog
-5.622291339297424,10.881221498159093,-6.716832,12.236578587393836,-4.324199854117096,17.38134477216486,-1.5040723,17.891403807939653,-1.0599289345093676,4.353350250141507,-0.4035608,4.4755697371032985,jog
-5.169176048521428,11.748560751922547,-5.42052815,12.82265265257357,-3.7317026593547618,16.605653120186847,-2.6842182,17.000493466541794,-1.0249664636238096,5.429676170399061,-0.04550537,5.519216049146321,jog
